gender,weapon,team_a_id,team_b_id,fencer_a_name,score_a,fencer_b_name,score_b,winner,order,ncaa_status,fencer_a_id,fencer_b_id,id,match_id,index,meet_id,tie
women,foil,liu,drew,Anna Szántay,5,Bella Hatzoglu,0,,1,TRUE,245,305,1,1liu-invitational-24-25,1,liu-invitational-24-25,FALSE
women,foil,liu,drew ,Daniela Perez Leal,4,Filiz Erdogan,5,,2,TRUE,241,299,2,1liu-invitational-24-25,2,liu-invitational-24-25,FALSE
women,foil,liu,drew ,Abigail Hunt,3,Assata Mutakabbir,5,,3,TRUE,237,310,3,1liu-invitational-24-25,3,liu-invitational-24-25,FALSE
women,foil,liu,drew ,Daniela Perez Leal,5,Bella Hatzoglu,2,,4,TRUE,241,305,4,1liu-invitational-24-25,4,liu-invitational-24-25,FALSE
women,foil,liu,drew ,Anna Szántay,5,Assata Mutakabbir,2,,5,TRUE,245,310,5,1liu-invitational-24-25,5,liu-invitational-24-25,FALSE
women,foil,liu,drew ,Abigail Hunt,5,Filiz Erdogan,2,,6,TRUE,237,299,6,1liu-invitational-24-25,6,liu-invitational-24-25,FALSE
women,foil,liu,drew ,Daniela Perez Leal,5,Assata Mutakabbir,4,,7,TRUE,241,310,7,1liu-invitational-24-25,7,liu-invitational-24-25,FALSE
women,foil,liu,drew ,Abigail Hunt,1,Bella Hatzoglu,5,,8,TRUE,237,305,8,1liu-invitational-24-25,8,liu-invitational-24-25,FALSE
women,foil,liu,drew ,Anna Szántay,5,Filiz Erdogan,3,,9,TRUE,245,299,9,1liu-invitational-24-25,9,liu-invitational-24-25,FALSE
women,epee,liu,drew ,Sarah Ellis,3,Izzy Anderson,5,,1,TRUE,232,294,10,1liu-invitational-24-25,10,liu-invitational-24-25,FALSE
women,epee,liu,drew ,Costanza Greggi,3,Amira Mutakabbir,5,,2,TRUE,236,309,11,1liu-invitational-24-25,11,liu-invitational-24-25,FALSE
women,epee,liu,drew ,Angela Wandmacher,2,Brenna Behensky,5,,3,TRUE,389,295,12,1liu-invitational-24-25,12,liu-invitational-24-25,FALSE
women,epee,liu,drew ,Costanza Greggi,5,Izzy Anderson,3,,4,TRUE,236,294,13,1liu-invitational-24-25,13,liu-invitational-24-25,FALSE
women,epee,liu,drew ,Sarah Ellis,3,Brenna Behensky,5,,5,TRUE,232,295,14,1liu-invitational-24-25,14,liu-invitational-24-25,FALSE
women,epee,liu,drew ,Angela Wandmacher,4,Amira Mutakabbir,5,,6,TRUE,389,309,15,1liu-invitational-24-25,15,liu-invitational-24-25,FALSE
women,epee,liu,drew ,Costanza Greggi,5,Brenna Behensky,1,,7,TRUE,236,295,16,1liu-invitational-24-25,16,liu-invitational-24-25,FALSE
women,epee,liu,drew ,Angela Wandmacher,5,Izzy Anderson,3,,8,TRUE,389,294,17,1liu-invitational-24-25,17,liu-invitational-24-25,FALSE
women,epee,liu,drew ,Sarah Ellis,3,Amira Mutakabbir,5,,9,TRUE,232,309,18,1liu-invitational-24-25,18,liu-invitational-24-25,FALSE
women,saber,liu,drew ,Chejsa-Kaili Seck,5,Nzingha Mutakabbir,0,,1,TRUE,244,311,19,1liu-invitational-24-25,19,liu-invitational-24-25,FALSE
women,saber,liu,drew ,Yeh,0,Sophie Gajowskyj,5,,2,TRUE,389,302,20,1liu-invitational-24-25,20,liu-invitational-24-25,FALSE
women,saber,liu,drew ,Kitty Feketics,0,Jay Cusson,5,,3,TRUE,234,298,21,1liu-invitational-24-25,21,liu-invitational-24-25,FALSE
women,saber,liu,drew ,Yeh,5,Nzingha Mutakabbir,4,,4,TRUE,389,311,22,1liu-invitational-24-25,22,liu-invitational-24-25,FALSE
women,saber,liu,drew ,Chejsa-Kaili Seck,5,Jay Cusson,1,,5,TRUE,244,298,23,1liu-invitational-24-25,23,liu-invitational-24-25,FALSE
women,saber,liu,drew ,Kitty Feketics,1,Sophie Gajowskyj,5,,6,TRUE,234,302,24,1liu-invitational-24-25,24,liu-invitational-24-25,FALSE
women,saber,liu,drew ,Yeh,5,Jay Cusson,2,,7,TRUE,389,298,25,1liu-invitational-24-25,25,liu-invitational-24-25,FALSE
women,saber,liu,drew ,Kitty Feketics,0,Nzingha Mutakabbir,5,,8,TRUE,234,311,26,1liu-invitational-24-25,26,liu-invitational-24-25,FALSE
women,saber,liu,drew ,Chejsa-Kaili Seck,5,Sophie Gajowskyj,2,,9,TRUE,244,302,27,1liu-invitational-24-25,27,liu-invitational-24-25,FALSE
women,foil,njit,wellesley,Stella Frias,4,Daisy Wiseman,3,,1,TRUE,208,330,28,2liu-invitational-24-25,28,liu-invitational-24-25,FALSE
women,foil,njit,wellesley,,,Gina Huang,,,2,TRUE,BYE,321,29,2liu-invitational-24-25,29,liu-invitational-24-25,FALSE
women,foil,njit,wellesley,Elena Fernandez Negron,5,Phoebe Li,1,,3,TRUE,207,324,30,2liu-invitational-24-25,30,liu-invitational-24-25,FALSE
women,foil,njit,wellesley,,,Daisy Wiseman,,,4,TRUE,BYE,330,31,2liu-invitational-24-25,31,liu-invitational-24-25,FALSE
women,foil,njit,wellesley,Stella Frias,3,Lauren Khoo,5,,5,TRUE,208,322,32,2liu-invitational-24-25,32,liu-invitational-24-25,FALSE
women,foil,njit,wellesley,Elena Fernandez Negron,5,Gina Huang,3,,6,TRUE,207,321,33,2liu-invitational-24-25,33,liu-invitational-24-25,FALSE
women,foil,njit,wellesley,,,Lauren Khoo,,,7,TRUE,BYE,322,34,2liu-invitational-24-25,34,liu-invitational-24-25,FALSE
women,foil,njit,wellesley,Elena Fernandez Negron,4,Daisy Wiseman,3,,8,TRUE,207,330,35,2liu-invitational-24-25,35,liu-invitational-24-25,FALSE
women,foil,njit,wellesley,Stella Frias,2,Gina Huang,5,,9,TRUE,208,321,36,2liu-invitational-24-25,36,liu-invitational-24-25,FALSE
women,epee,njit,wellesley,Gala Krsmanovic,5,Alisha Li,4,,1,TRUE,210,323,37,2liu-invitational-24-25,37,liu-invitational-24-25,FALSE
women,epee,njit,wellesley,Megan Hillyer,3,Grace Xu,5,,2,TRUE,209,331,38,2liu-invitational-24-25,38,liu-invitational-24-25,FALSE
women,epee,njit,wellesley,Margaret Meschia,5,Renee Sun,0,,3,TRUE,212,326,39,2liu-invitational-24-25,39,liu-invitational-24-25,FALSE
women,epee,njit,wellesley,Megan Hillyer,1,Alisha Li,5,,4,TRUE,209,323,40,2liu-invitational-24-25,40,liu-invitational-24-25,FALSE
women,epee,njit,wellesley,Gala Krsmanovic,3,Renee Sun,5,,5,TRUE,210,326,41,2liu-invitational-24-25,41,liu-invitational-24-25,FALSE
women,epee,njit,wellesley,Margaret Meschia,5,Grace Xu,1,,6,TRUE,212,331,42,2liu-invitational-24-25,42,liu-invitational-24-25,FALSE
women,epee,njit,wellesley,Megan Hillyer,4,Sissi Zou,2,,7,TRUE,209,333,43,2liu-invitational-24-25,43,liu-invitational-24-25,FALSE
women,epee,njit,wellesley,Margaret Meschia,4,Alisha Li,3,,8,TRUE,212,323,44,2liu-invitational-24-25,44,liu-invitational-24-25,FALSE
women,epee,njit,wellesley,Gala Krsmanovic,1,Grace Xu,3,,9,TRUE,210,331,45,2liu-invitational-24-25,45,liu-invitational-24-25,FALSE
women,saber,njit,wellesley,Zoey Wen,,Makana Burch,,a,1,TRUE,215,316,46,2liu-invitational-24-25,46,liu-invitational-24-25,TRUE
women,saber,njit,wellesley,Randa Shalabi,,Rebecca Hsieh (saber),,b,2,TRUE,213,320,47,2liu-invitational-24-25,47,liu-invitational-24-25,TRUE
women,saber,njit,wellesley,Anastasiia Volynska,,Emily Zhao,,b,3,TRUE,214,332,48,2liu-invitational-24-25,48,liu-invitational-24-25,TRUE
women,saber,njit,wellesley,Kaydine Gonzalez,,Makana Burch,,b,4,TRUE,205,316,49,2liu-invitational-24-25,49,liu-invitational-24-25,TRUE
women,saber,njit,wellesley,Zoey Wen,,Emily Zhao,,b,5,TRUE,215,332,50,2liu-invitational-24-25,50,liu-invitational-24-25,TRUE
women,saber,njit,wellesley,Anastasiia Volynska,,Rebecca Hsieh (saber),,b,6,TRUE,214,320,51,2liu-invitational-24-25,51,liu-invitational-24-25,TRUE
women,saber,njit,wellesley,Kaydine Gonzalez,,Emily Zhao,,b,7,TRUE,205,332,52,2liu-invitational-24-25,52,liu-invitational-24-25,TRUE
women,saber,njit,wellesley,Anastasiia Volynska,,Naomi Wang,,a,8,TRUE,214,328,53,2liu-invitational-24-25,53,liu-invitational-24-25,TRUE
women,saber,njit,wellesley,Zoey Wen,,Rebecca Hsieh (saber),,a,9,TRUE,215,320,54,2liu-invitational-24-25,54,liu-invitational-24-25,TRUE
women,foil,wellesley,stevens ,Lauren Khoo,5,Elizabeth MacDonald,0,,1,TRUE,322,379,82,3liu-invitational-24-25,55,liu-invitational-24-25,FALSE
women,foil,wellesley,stevens ,Leena Hobson,1,Emily Zgombic,5,,2,TRUE,318,389,83,3liu-invitational-24-25,56,liu-invitational-24-25,FALSE
women,foil,wellesley,stevens ,Gina Huang,5,Akemi Rodriguez,3,,3,TRUE,321,384,84,3liu-invitational-24-25,57,liu-invitational-24-25,FALSE
women,foil,wellesley,stevens ,Leena Hobson,3,Elizabeth MacDonald,5,,4,TRUE,318,379,85,3liu-invitational-24-25,58,liu-invitational-24-25,FALSE
women,foil,wellesley,stevens ,Lauren Khoo,5,Akemi Rodriguez,2,,5,TRUE,322,384,86,3liu-invitational-24-25,59,liu-invitational-24-25,FALSE
women,foil,wellesley,stevens ,Gina Huang,5,Emily Zgombic,2,,6,TRUE,321,389,87,3liu-invitational-24-25,60,liu-invitational-24-25,FALSE
women,foil,wellesley,stevens ,Leena Hobson,1,Akemi Rodriguez,5,,7,TRUE,318,384,88,3liu-invitational-24-25,61,liu-invitational-24-25,FALSE
women,foil,wellesley,stevens ,Gina Huang,3,Julia DiPaolo,5,,8,TRUE,321,373,89,3liu-invitational-24-25,62,liu-invitational-24-25,FALSE
women,foil,wellesley,stevens ,Lauren Khoo,5,Emily Zgombic,3,,9,TRUE,322,389,90,3liu-invitational-24-25,63,liu-invitational-24-25,FALSE
women,saber,wellesley,stevens ,Makana Burch,5,Alyssa Ip,2,,1,TRUE,316,376,91,3liu-invitational-24-25,64,liu-invitational-24-25,FALSE
women,saber,wellesley,stevens ,Emily Zhao,5,Ashlyn Leung,3,,2,TRUE,332,378,92,3liu-invitational-24-25,65,liu-invitational-24-25,FALSE
women,saber,wellesley,stevens ,Rebecca Hsieh (saber),5,Rachel Naomi Quedding,1,,3,TRUE,320,383,93,3liu-invitational-24-25,66,liu-invitational-24-25,FALSE
women,saber,wellesley,stevens ,Emily Zhao,5,Alyssa Ip,4,,4,TRUE,332,376,94,3liu-invitational-24-25,67,liu-invitational-24-25,FALSE
women,saber,wellesley,stevens ,Makana Burch,5,Rachel Naomi Quedding,3,,5,TRUE,316,383,95,3liu-invitational-24-25,68,liu-invitational-24-25,FALSE
women,saber,wellesley,stevens ,Rebecca Hsieh (saber),5,Ashlyn Leung,4,,6,TRUE,320,378,96,3liu-invitational-24-25,69,liu-invitational-24-25,FALSE
women,saber,wellesley,stevens ,Emily Zhao,5,Rachel Naomi Quedding,2,,7,TRUE,332,383,97,3liu-invitational-24-25,70,liu-invitational-24-25,FALSE
women,saber,wellesley,stevens ,Rebecca Hsieh (saber),5,Alyssa Ip,0,,8,TRUE,320,376,98,3liu-invitational-24-25,71,liu-invitational-24-25,FALSE
women,saber,wellesley,stevens ,Naomi Wang,4,Ashlyn Leung,5,,9,TRUE,328,378,99,3liu-invitational-24-25,72,liu-invitational-24-25,FALSE
women,epee,wellesley,stevens ,Grace Xu,5,Renny Victoria,1,,1,TRUE,331,388,100,3liu-invitational-24-25,73,liu-invitational-24-25,FALSE
women,epee,wellesley,stevens ,Renee Sun,5,Grace Hicks,3,,2,TRUE,326,375,101,3liu-invitational-24-25,74,liu-invitational-24-25,FALSE
women,epee,wellesley,stevens ,Alisha Li,5,Emily Miller,2,,3,TRUE,323,380,102,3liu-invitational-24-25,75,liu-invitational-24-25,FALSE
women,epee,wellesley,stevens ,Renee Sun,5,Renny Victoria,3,,4,TRUE,326,388,103,3liu-invitational-24-25,76,liu-invitational-24-25,FALSE
women,epee,wellesley,stevens ,Grace Xu,3,Emily Miller,5,,5,TRUE,331,380,104,3liu-invitational-24-25,77,liu-invitational-24-25,FALSE
women,epee,wellesley,stevens ,Alisha Li,2,Grace Hicks,3,,6,TRUE,323,375,105,3liu-invitational-24-25,78,liu-invitational-24-25,FALSE
women,epee,wellesley,stevens ,Elena Vona,5,Emily Miller,3,,7,TRUE,327,380,106,3liu-invitational-24-25,79,liu-invitational-24-25,FALSE
women,epee,wellesley,stevens ,Julia Peeler,5,Renny Victoria,3,,8,TRUE,325,388,107,3liu-invitational-24-25,80,liu-invitational-24-25,FALSE
women,epee,wellesley,stevens ,Grace Xu,5,Grace Hicks,2,,9,TRUE,331,375,108,3liu-invitational-24-25,81,liu-invitational-24-25,FALSE
women,foil,liu,njit,Anna Szántay,5,Stella Frias,1,,1,TRUE,245,208,109,4liu-invitational-24-25,82,liu-invitational-24-25,FALSE
women,foil,liu,njit,Daniela Perez Leal,5,Elena Fernandez Negron,2,,2,TRUE,241,207,110,4liu-invitational-24-25,83,liu-invitational-24-25,FALSE
women,foil,liu,njit,Abigail Hunt,,,,,3,TRUE,237,BYE,111,4liu-invitational-24-25,84,liu-invitational-24-25,FALSE
women,foil,liu,njit,Daniela Perez Leal,1,Stella Frias,5,,4,TRUE,241,208,112,4liu-invitational-24-25,85,liu-invitational-24-25,FALSE
women,foil,liu,njit,Anna Szántay,,,,,5,TRUE,245,BYE,113,4liu-invitational-24-25,86,liu-invitational-24-25,FALSE
women,foil,liu,njit,Abigail Hunt,1,Elena Fernandez Negron,5,,6,TRUE,237,207,114,4liu-invitational-24-25,87,liu-invitational-24-25,FALSE
women,foil,liu,njit,Daniela Perez Leal,,,,,7,TRUE,241,BYE,115,4liu-invitational-24-25,88,liu-invitational-24-25,FALSE
women,foil,liu,njit,Abigail Hunt,3,Stella Frias,5,,8,TRUE,237,208,116,4liu-invitational-24-25,89,liu-invitational-24-25,FALSE
women,foil,liu,njit,Anna Szántay,5,Elena Fernandez Negron,2,,9,TRUE,245,207,117,4liu-invitational-24-25,90,liu-invitational-24-25,FALSE
women,epee,liu,njit,Costanza Greggi,3,Margaret Meschia,2,,1,TRUE,236,212,118,4liu-invitational-24-25,91,liu-invitational-24-25,FALSE
women,epee,liu,njit,Francesca Perez,5,Gala Krsmanovic,1,,2,TRUE,240,210,119,4liu-invitational-24-25,92,liu-invitational-24-25,FALSE
women,epee,liu,njit,Angela Wandmacher,5,Megan Hillyer,0,,3,TRUE,389,209,120,4liu-invitational-24-25,93,liu-invitational-24-25,FALSE
women,epee,liu,njit,Francesca Perez,4,Margaret Meschia,3,,4,TRUE,240,212,121,4liu-invitational-24-25,94,liu-invitational-24-25,FALSE
women,epee,liu,njit,Sarah Ellis,1,Megan Hillyer,5,,5,TRUE,232,209,122,4liu-invitational-24-25,95,liu-invitational-24-25,FALSE
women,epee,liu,njit,Angela Wandmacher,5,Gala Krsmanovic,0,,6,TRUE,389,210,123,4liu-invitational-24-25,96,liu-invitational-24-25,FALSE
women,epee,liu,njit,Francesca Perez,3,Megan Hillyer,4,,7,TRUE,240,209,124,4liu-invitational-24-25,97,liu-invitational-24-25,FALSE
women,epee,liu,njit,Angela Wandmacher,5,Margaret Meschia,2,,8,TRUE,389,212,125,4liu-invitational-24-25,98,liu-invitational-24-25,FALSE
women,epee,liu,njit,Catherine Felix,3,Gala Krsmanovic,5,,9,TRUE,235,210,126,4liu-invitational-24-25,99,liu-invitational-24-25,FALSE
women,saber,liu,njit,Chejsa-Kaili Seck,5,Anastasiia Volynska,2,,1,TRUE,244,214,127,4liu-invitational-24-25,100,liu-invitational-24-25,FALSE
women,saber,liu,njit,Marisa Mohan,3,Zoey Wen,5,,2,TRUE,238,215,128,4liu-invitational-24-25,101,liu-invitational-24-25,FALSE
women,saber,liu,njit,Jana Saleh,4,Kaydine Gonzalez,5,,3,TRUE,242,205,129,4liu-invitational-24-25,102,liu-invitational-24-25,FALSE
women,saber,liu,njit,Marisa Mohan,2,Anastasiia Volynska,5,,4,TRUE,238,214,130,4liu-invitational-24-25,103,liu-invitational-24-25,FALSE
women,saber,liu,njit,Chejsa-Kaili Seck,5,Randa Shalabi,0,,5,TRUE,244,213,131,4liu-invitational-24-25,104,liu-invitational-24-25,FALSE
women,saber,liu,njit,Jana Saleh,4,Zoey Wen,5,,6,TRUE,242,215,132,4liu-invitational-24-25,105,liu-invitational-24-25,FALSE
women,saber,liu,njit,Marisa Mohan,3,Randa Shalabi,5,,7,TRUE,238,213,133,4liu-invitational-24-25,106,liu-invitational-24-25,FALSE
women,saber,liu,njit,Jana Saleh,4,Anastasiia Volynska,5,,8,TRUE,242,214,134,4liu-invitational-24-25,107,liu-invitational-24-25,FALSE
women,saber,liu,njit,Chejsa-Kaili Seck,5,Zoey Wen,0,,9,TRUE,244,215,135,4liu-invitational-24-25,108,liu-invitational-24-25,FALSE
women,epee,liu,wellesley,Costanza Greggi,5,Alisha Li,1,,1,TRUE,236,323,109,5liu-invitational-24-25,109,liu-invitational-24-25,FALSE
women,epee,liu,wellesley,Daniela Perez Leal,5,Grace Xu,4,,2,TRUE,241,331,110,5liu-invitational-24-25,110,liu-invitational-24-25,FALSE
women,epee,liu,wellesley,Angela Wandmacher,5,Renee Sun,4,,3,TRUE,389,326,111,5liu-invitational-24-25,111,liu-invitational-24-25,FALSE
women,epee,liu,wellesley,Daniela Perez Leal,2,Alisha Li,5,,4,TRUE,241,323,112,5liu-invitational-24-25,112,liu-invitational-24-25,FALSE
women,epee,liu,wellesley,Costanza Greggi,5,Renee Sun,2,,5,TRUE,236,326,113,5liu-invitational-24-25,113,liu-invitational-24-25,FALSE
women,epee,liu,wellesley,Angela Wandmacher,3,Grace Xu,5,,6,TRUE,389,331,114,5liu-invitational-24-25,114,liu-invitational-24-25,FALSE
women,epee,liu,wellesley,Sherpa,4,Renee Sun,5,,7,TRUE,389,326,115,5liu-invitational-24-25,115,liu-invitational-24-25,FALSE
women,epee,liu,wellesley,Angela Wandmacher,3,Alisha Li,5,,8,TRUE,389,323,116,5liu-invitational-24-25,116,liu-invitational-24-25,FALSE
women,epee,liu,wellesley,Costanza Greggi,5,Grace Xu,3,,9,TRUE,236,331,117,5liu-invitational-24-25,117,liu-invitational-24-25,FALSE
women,foil,liu,wellesley,Anna Szántay,5,Daisy Wiseman,0,,1,TRUE,245,330,118,5liu-invitational-24-25,118,liu-invitational-24-25,FALSE
women,foil,liu,wellesley,Daniela Perez Leal,1,Lauren Khoo,5,,2,TRUE,241,322,119,5liu-invitational-24-25,119,liu-invitational-24-25,FALSE
women,foil,liu,wellesley,Abigail Hunt,0,Gina Huang,5,,3,TRUE,237,321,120,5liu-invitational-24-25,120,liu-invitational-24-25,FALSE
women,foil,liu,wellesley,Daniela Perez Leal,0,Phoebe Li,5,,4,TRUE,241,324,121,5liu-invitational-24-25,121,liu-invitational-24-25,FALSE
women,foil,liu,wellesley,Anna Szántay,5,Gina Huang,1,,5,TRUE,245,321,122,5liu-invitational-24-25,122,liu-invitational-24-25,FALSE
women,foil,liu,wellesley,Abigail Hunt,2,Lauren Khoo,5,,6,TRUE,237,322,123,5liu-invitational-24-25,123,liu-invitational-24-25,FALSE
women,foil,liu,wellesley,Daniela Perez Leal,3,Gina Huang,5,,7,TRUE,241,321,124,5liu-invitational-24-25,124,liu-invitational-24-25,FALSE
women,foil,liu,wellesley,Abigail Hunt,0,Daisy Wiseman,5,,8,TRUE,237,330,125,5liu-invitational-24-25,125,liu-invitational-24-25,FALSE
women,foil,liu,wellesley,Anna Szántay,5,Lauren Khoo,1,,9,TRUE,245,322,126,5liu-invitational-24-25,126,liu-invitational-24-25,FALSE
women,saber,liu,wellesley,Chejsa-Kaili Seck,5,Rebecca Hsieh (saber),2,,1,TRUE,244,320,127,5liu-invitational-24-25,127,liu-invitational-24-25,FALSE
women,saber,liu,wellesley,Jana Saleh,1,Makana Burch,5,,2,TRUE,242,316,128,5liu-invitational-24-25,128,liu-invitational-24-25,FALSE
women,saber,liu,wellesley,Yeh,0,Emily Zhao,5,,3,TRUE,389,332,129,5liu-invitational-24-25,129,liu-invitational-24-25,FALSE
women,saber,liu,wellesley,Jana Saleh,1,Rebecca Hsieh (saber),5,,4,TRUE,242,320,130,5liu-invitational-24-25,130,liu-invitational-24-25,FALSE
women,saber,liu,wellesley,Chejsa-Kaili Seck,5,Emily Zhao,2,,5,TRUE,244,332,131,5liu-invitational-24-25,131,liu-invitational-24-25,FALSE
women,saber,liu,wellesley,Yeh,0,Makana Burch,5,,6,TRUE,389,316,132,5liu-invitational-24-25,132,liu-invitational-24-25,FALSE
women,saber,liu,wellesley,Jana Saleh,0,Emily Zhao,5,,7,TRUE,242,332,133,5liu-invitational-24-25,133,liu-invitational-24-25,FALSE
women,saber,liu,wellesley,Yeh,5,Naomi Wang,4,,8,TRUE,389,328,134,5liu-invitational-24-25,134,liu-invitational-24-25,FALSE
women,saber,liu,wellesley,Chejsa-Kaili Seck,5,Makana Burch,1,,9,TRUE,244,316,135,5liu-invitational-24-25,135,liu-invitational-24-25,FALSE
women,foil,drew,stevens ,Filiz Erdogan,4,Elizabeth MacDonald,5,,1,TRUE,299,379,136,6liu-invitational-24-25,136,liu-invitational-24-25,FALSE
women,foil,drew,stevens ,Bella Hatzoglu,5,Julia DiPaolo,0,,2,TRUE,305,373,137,6liu-invitational-24-25,137,liu-invitational-24-25,FALSE
women,foil,drew,stevens ,Assata Mutakabbir,5,Akemi Rodriguez,1,,3,TRUE,310,384,138,6liu-invitational-24-25,138,liu-invitational-24-25,FALSE
women,foil,drew,stevens ,Bella Hatzoglu,3,Elizabeth MacDonald,5,,4,TRUE,305,379,139,6liu-invitational-24-25,139,liu-invitational-24-25,FALSE
women,foil,drew,stevens ,Filiz Erdogan,5,Akemi Rodriguez,3,,5,TRUE,299,384,140,6liu-invitational-24-25,140,liu-invitational-24-25,FALSE
women,foil,drew,stevens ,Assata Mutakabbir,2,Julia DiPaolo,4,,6,TRUE,310,373,141,6liu-invitational-24-25,141,liu-invitational-24-25,FALSE
women,foil,drew,stevens ,Bella Hatzoglu,5,Akemi Rodriguez,1,,7,TRUE,305,384,142,6liu-invitational-24-25,142,liu-invitational-24-25,FALSE
women,foil,drew,stevens ,Assata Mutakabbir,1,Elizabeth MacDonald,5,,8,TRUE,310,379,143,6liu-invitational-24-25,143,liu-invitational-24-25,FALSE
women,foil,drew,stevens ,Filiz Erdogan,5,Julia DiPaolo,4,,9,TRUE,299,373,144,6liu-invitational-24-25,144,liu-invitational-24-25,FALSE
women,epee,drew,stevens ,Amira Mutakabbir,5,Renny Victoria,3,,1,TRUE,309,388,145,6liu-invitational-24-25,145,liu-invitational-24-25,FALSE
women,epee,drew,stevens ,Brenna Behensky,0,Grace Hicks,6,,2,TRUE,295,375,146,6liu-invitational-24-25,146,liu-invitational-24-25,FALSE
women,epee,drew,stevens ,Izzy Anderson,1,Emily Miller,5,,3,TRUE,294,380,147,6liu-invitational-24-25,147,liu-invitational-24-25,FALSE
women,epee,drew,stevens ,Brenna Behensky,5,Renny Victoria,0,,4,TRUE,295,388,148,6liu-invitational-24-25,148,liu-invitational-24-25,FALSE
women,epee,drew,stevens ,Amira Mutakabbir,5,Emily Miller,1,,5,TRUE,309,380,149,6liu-invitational-24-25,149,liu-invitational-24-25,FALSE
women,epee,drew,stevens ,Izzy Anderson,3,Grace Hicks,5,,6,TRUE,294,375,150,6liu-invitational-24-25,150,liu-invitational-24-25,FALSE
women,epee,drew,stevens ,Brenna Behensky,5,Emily Miller,3,,7,TRUE,295,380,151,6liu-invitational-24-25,151,liu-invitational-24-25,FALSE
women,epee,drew,stevens ,Izzy Anderson,5,Renny Victoria,2,,8,TRUE,294,388,152,6liu-invitational-24-25,152,liu-invitational-24-25,FALSE
women,epee,drew,stevens ,Amira Mutakabbir,5,Grace Hicks,0,,9,TRUE,309,375,153,6liu-invitational-24-25,153,liu-invitational-24-25,FALSE
women,saber,drew,stevens ,Sophie Gajowskyj,5,Alyssa Ip,4,,1,TRUE,302,376,154,6liu-invitational-24-25,154,liu-invitational-24-25,FALSE
women,saber,drew,stevens ,Serena Mancuso,2,Alexandra Craine,2,b,2,TRUE,307,368,155,6liu-invitational-24-25,155,liu-invitational-24-25,TRUE
women,saber,drew,stevens ,Eva Esqueda,0,Ashlyn Leung,5,,3,TRUE,300,378,156,6liu-invitational-24-25,156,liu-invitational-24-25,FALSE
women,saber,drew,stevens ,Serena Mancuso,5,Alyssa Ip,4,,4,TRUE,307,376,157,6liu-invitational-24-25,157,liu-invitational-24-25,FALSE
women,saber,drew,stevens ,Sophie Gajowskyj,5,Ashlyn Leung,2,,5,TRUE,302,378,158,6liu-invitational-24-25,158,liu-invitational-24-25,FALSE
women,saber,drew,stevens ,Eva Esqueda,0,Alexandra Craine,5,,6,TRUE,300,368,159,6liu-invitational-24-25,159,liu-invitational-24-25,FALSE
women,saber,drew,stevens ,Serena Mancuso,1,Ashlyn Leung,5,,7,TRUE,307,378,160,6liu-invitational-24-25,160,liu-invitational-24-25,FALSE
women,saber,drew,stevens ,Eva Esqueda,5,Alyssa Ip,4,,8,TRUE,300,376,161,6liu-invitational-24-25,161,liu-invitational-24-25,FALSE
women,saber,drew,stevens ,Sophie Gajowskyj,4,Alexandra Craine,5,,9,TRUE,302,368,162,6liu-invitational-24-25,162,liu-invitational-24-25,FALSE
women,saber,drew,wellesley,Sophie Gajowskyj,5,Makana Burch,2,,1,TRUE,302,316,163,7liu-invitational-24-25,163,liu-invitational-24-25,FALSE
women,saber,drew,wellesley,Jay Cusson,3,Emily Zhao,5,,2,TRUE,298,332,164,7liu-invitational-24-25,164,liu-invitational-24-25,FALSE
women,saber,drew,wellesley,Nzingha Mutakabbir,2,Rebecca Hsieh (saber),5,,3,TRUE,311,320,165,7liu-invitational-24-25,165,liu-invitational-24-25,FALSE
women,saber,drew,wellesley,Jay Cusson,2,Makana Burch,5,,4,TRUE,298,316,166,7liu-invitational-24-25,166,liu-invitational-24-25,FALSE
women,saber,drew,wellesley,Sophie Gajowskyj,5,Rebecca Hsieh (saber),4,,5,TRUE,302,320,167,7liu-invitational-24-25,167,liu-invitational-24-25,FALSE
women,saber,drew,wellesley,Nzingha Mutakabbir,4,Emily Zhao,5,,6,TRUE,311,332,168,7liu-invitational-24-25,168,liu-invitational-24-25,FALSE
women,saber,drew,wellesley,Jay Cusson,5,Rebecca Hsieh (saber),4,,7,TRUE,298,320,169,7liu-invitational-24-25,169,liu-invitational-24-25,FALSE
women,saber,drew,wellesley,Nzingha Mutakabbir,4,Makana Burch,5,,8,TRUE,311,316,170,7liu-invitational-24-25,170,liu-invitational-24-25,FALSE
women,saber,drew,wellesley,Sophie Gajowskyj,1,Emily Zhao,5,,9,TRUE,302,332,171,7liu-invitational-24-25,171,liu-invitational-24-25,FALSE
women,foil,drew,wellesley,Bella Hatzoglu,0,Daisy Wiseman,5,,1,TRUE,305,330,172,7liu-invitational-24-25,172,liu-invitational-24-25,FALSE
women,foil,drew,wellesley,Filiz Erdogan,3,Lauren Khoo,4,,2,TRUE,299,322,173,7liu-invitational-24-25,173,liu-invitational-24-25,FALSE
women,foil,drew,wellesley,Assata Mutakabbir,1,Gina Huang,5,,3,TRUE,310,321,174,7liu-invitational-24-25,174,liu-invitational-24-25,FALSE
women,foil,drew,wellesley,Filiz Erdogan,5,Daisy Wiseman,3,,4,TRUE,299,330,175,7liu-invitational-24-25,175,liu-invitational-24-25,FALSE
women,foil,drew,wellesley,Bella Hatzoglu,1,Gina Huang,5,,5,TRUE,305,321,176,7liu-invitational-24-25,176,liu-invitational-24-25,FALSE
women,foil,drew,wellesley,Assata Mutakabbir,1,Lauren Khoo,5,,6,TRUE,310,322,177,7liu-invitational-24-25,177,liu-invitational-24-25,FALSE
women,foil,drew,wellesley,Filiz Erdogan,2,Gina Huang,5,,7,TRUE,299,321,178,7liu-invitational-24-25,178,liu-invitational-24-25,FALSE
women,foil,drew,wellesley,Assata Mutakabbir,5,Daisy Wiseman,3,,8,TRUE,310,330,179,7liu-invitational-24-25,179,liu-invitational-24-25,FALSE
women,foil,drew,wellesley,Bella Hatzoglu,1,Lauren Khoo,5,,9,TRUE,305,322,180,7liu-invitational-24-25,180,liu-invitational-24-25,FALSE
women,epee,drew,wellesley,Amira Mutakabbir,2,Alisha Li,5,,1,TRUE,309,323,181,7liu-invitational-24-25,181,liu-invitational-24-25,FALSE
women,epee,drew,wellesley,Brenna Behensky,4,Grace Xu,5,,2,TRUE,295,331,182,7liu-invitational-24-25,182,liu-invitational-24-25,FALSE
women,epee,drew,wellesley,Izzy Anderson,4,Elena Vona,5,,3,TRUE,294,327,183,7liu-invitational-24-25,183,liu-invitational-24-25,FALSE
women,epee,drew,wellesley,Brenna Behensky,5,Julia Peeler,2,,4,TRUE,295,325,184,7liu-invitational-24-25,184,liu-invitational-24-25,FALSE
women,epee,drew,wellesley,Amira Mutakabbir,5,Elena Vona,3,,5,TRUE,309,327,185,7liu-invitational-24-25,185,liu-invitational-24-25,FALSE
women,epee,drew,wellesley,Izzy Anderson,5,Sissi Zou,1,,6,TRUE,294,333,186,7liu-invitational-24-25,186,liu-invitational-24-25,FALSE
women,epee,drew,wellesley,Brenna Behensky,5,Riley Weed,2,,7,TRUE,295,329,187,7liu-invitational-24-25,187,liu-invitational-24-25,FALSE
women,epee,drew,wellesley,Izzy Anderson,4,Julia Peeler,5,,8,TRUE,294,325,188,7liu-invitational-24-25,188,liu-invitational-24-25,FALSE
women,epee,drew,wellesley,Amira Mutakabbir,4,Sissi Zou,5,,9,TRUE,309,333,189,7liu-invitational-24-25,189,liu-invitational-24-25,FALSE
women,saber,njit,stevens ,Elena Fernandez Negron,1,Julia DiPaolo,5,,1,TRUE,207,373,190,8liu-invitational-24-25,190,liu-invitational-24-25,FALSE
women,saber,njit,stevens ,,,Emily Zgombic,,,2,TRUE,BYE,389,191,8liu-invitational-24-25,191,liu-invitational-24-25,FALSE
women,saber,njit,stevens ,Stella Frias,5,Elizabeth MacDonald,1,,3,TRUE,208,379,192,8liu-invitational-24-25,192,liu-invitational-24-25,FALSE
women,saber,njit,stevens ,,,Julia DiPaolo,,,4,TRUE,BYE,373,193,8liu-invitational-24-25,193,liu-invitational-24-25,FALSE
women,saber,njit,stevens ,Elena Fernandez Negron,5,Elizabeth MacDonald,1,,5,TRUE,207,379,194,8liu-invitational-24-25,194,liu-invitational-24-25,FALSE
women,saber,njit,stevens ,Stella Frias,5,Emily Zgombic,0,,6,TRUE,208,389,195,8liu-invitational-24-25,195,liu-invitational-24-25,FALSE
women,saber,njit,stevens ,,,,,,7,TRUE,BYE,BYE,196,8liu-invitational-24-25,196,liu-invitational-24-25,FALSE
women,saber,njit,stevens ,Stella Frias,5,Julia DiPaolo,2,,8,TRUE,208,373,197,8liu-invitational-24-25,197,liu-invitational-24-25,FALSE
women,saber,njit,stevens ,Elena Fernandez Negron,5,Sofia Savchuk,4,,9,TRUE,207,385,198,8liu-invitational-24-25,198,liu-invitational-24-25,FALSE
women,epee,njit,stevens ,Megan Hillyer,5,Renny Victoria,3,,1,TRUE,209,388,199,8liu-invitational-24-25,199,liu-invitational-24-25,FALSE
women,epee,njit,stevens ,Margaret Meschia,4,Grace Hicks,5,,2,TRUE,212,375,200,8liu-invitational-24-25,200,liu-invitational-24-25,FALSE
women,epee,njit,stevens ,Gala Krsmanovic,5,Emily Miller,0,,3,TRUE,210,380,201,8liu-invitational-24-25,201,liu-invitational-24-25,FALSE
women,epee,njit,stevens ,Margaret Meschia,2,Renny Victoria,5,,4,TRUE,212,388,202,8liu-invitational-24-25,202,liu-invitational-24-25,FALSE
women,epee,njit,stevens ,Megan Hillyer,5,Emily Miller,1,,5,TRUE,209,380,203,8liu-invitational-24-25,203,liu-invitational-24-25,FALSE
women,epee,njit,stevens ,Gala Krsmanovic,5,Grace Hicks,2,,6,TRUE,210,375,204,8liu-invitational-24-25,204,liu-invitational-24-25,FALSE
women,epee,njit,stevens ,Margaret Meschia,5,Emily Miller,2,,7,TRUE,212,380,205,8liu-invitational-24-25,205,liu-invitational-24-25,FALSE
women,epee,njit,stevens ,Gala Krsmanovic,4,Renny Victoria,5,,8,TRUE,210,388,206,8liu-invitational-24-25,206,liu-invitational-24-25,FALSE
women,epee,njit,stevens ,Megan Hillyer,1,Grace Hicks,5,,9,TRUE,209,375,207,8liu-invitational-24-25,207,liu-invitational-24-25,FALSE
women,foil,njit,stevens ,Zoey Wen,5,Alyssa Ip,2,,1,TRUE,215,376,208,8liu-invitational-24-25,208,liu-invitational-24-25,FALSE
women,foil,njit,stevens ,Randa Shalabi,0,Alexandra Craine,5,,2,TRUE,213,368,209,8liu-invitational-24-25,209,liu-invitational-24-25,FALSE
women,foil,njit,stevens ,Anastasiia Volynska,0,Ashlyn Leung,5,,3,TRUE,214,378,210,8liu-invitational-24-25,210,liu-invitational-24-25,FALSE
women,foil,njit,stevens ,Kaydine Gonzalez,4,Alyssa Ip,5,,4,TRUE,205,376,211,8liu-invitational-24-25,211,liu-invitational-24-25,FALSE
women,foil,njit,stevens ,Zoey Wen,4,Ashlyn Leung,5,,5,TRUE,215,378,212,8liu-invitational-24-25,212,liu-invitational-24-25,FALSE
women,foil,njit,stevens ,Anastasiia Volynska,2,Alexandra Craine,5,,6,TRUE,214,368,213,8liu-invitational-24-25,213,liu-invitational-24-25,FALSE
women,foil,njit,stevens ,Yenni Gonzalez-Chacon,5,Rachel Naomi Quedding,1,,7,TRUE,304,383,214,8liu-invitational-24-25,214,liu-invitational-24-25,FALSE
women,foil,njit,stevens ,Anastasiia Volynska,5,Alyssa Ip,2,,8,TRUE,214,376,215,8liu-invitational-24-25,215,liu-invitational-24-25,FALSE
women,foil,njit,stevens ,Zoey Wen,5,Alexandra Craine,0,,9,TRUE,215,368,216,8liu-invitational-24-25,216,liu-invitational-24-25,FALSE
women,foil,drew,njit,Bella Hatzoglu,1,Stella Frias,5,,1,TRUE,305,208,217,9liu-invitational-24-25,217,liu-invitational-24-25,FALSE
women,foil,drew,njit,Filiz Erdogan,4,Elena Fernandez Negron,3,,2,TRUE,299,207,218,9liu-invitational-24-25,218,liu-invitational-24-25,FALSE
women,foil,drew,njit,Assata Mutakabbir,,,,,3,TRUE,310,BYE,219,9liu-invitational-24-25,219,liu-invitational-24-25,FALSE
women,foil,drew,njit,Filiz Erdogan,5,Stella Frias,1,,4,TRUE,299,208,220,9liu-invitational-24-25,220,liu-invitational-24-25,FALSE
women,foil,drew,njit,Bella Hatzoglu,,,,,5,TRUE,305,BYE,221,9liu-invitational-24-25,221,liu-invitational-24-25,FALSE
women,foil,drew,njit,Assata Mutakabbir,3,Elena Fernandez Negron,5,,6,TRUE,310,207,222,9liu-invitational-24-25,222,liu-invitational-24-25,FALSE
women,foil,drew,njit,Filiz Erdogan,,,,,7,TRUE,299,BYE,223,9liu-invitational-24-25,223,liu-invitational-24-25,FALSE
women,foil,drew,njit,Assata Mutakabbir,1,Stella Frias,5,,8,TRUE,310,208,224,9liu-invitational-24-25,224,liu-invitational-24-25,FALSE
women,foil,drew,njit,Bella Hatzoglu,0,Elena Fernandez Negron,5,,9,TRUE,305,207,225,9liu-invitational-24-25,225,liu-invitational-24-25,FALSE
women,epee,drew,njit,Amira Mutakabbir,5,Gala Krsmanovic,2,,1,TRUE,309,210,226,9liu-invitational-24-25,226,liu-invitational-24-25,FALSE
women,epee,drew,njit,Brenna Behensky,5,Margaret Meschia,3,,2,TRUE,295,212,227,9liu-invitational-24-25,227,liu-invitational-24-25,FALSE
women,epee,drew,njit,Izzy Anderson,2,Megan Hillyer,5,,3,TRUE,294,209,228,9liu-invitational-24-25,228,liu-invitational-24-25,FALSE
women,epee,drew,njit,Brenna Behensky,4,Gala Krsmanovic,5,,4,TRUE,295,210,229,9liu-invitational-24-25,229,liu-invitational-24-25,FALSE
women,epee,drew,njit,Amira Mutakabbir,5,Megan Hillyer,3,,5,TRUE,309,209,230,9liu-invitational-24-25,230,liu-invitational-24-25,FALSE
women,epee,drew,njit,Izzy Anderson,5,Margaret Meschia,4,,6,TRUE,294,212,231,9liu-invitational-24-25,231,liu-invitational-24-25,FALSE
women,epee,drew,njit,Brenna Behensky,3,Megan Hillyer,5,,7,TRUE,295,209,232,9liu-invitational-24-25,232,liu-invitational-24-25,FALSE
women,epee,drew,njit,Izzy Anderson,2,Gala Krsmanovic,5,,8,TRUE,294,210,233,9liu-invitational-24-25,233,liu-invitational-24-25,FALSE
women,epee,drew,njit,Amira Mutakabbir,5,Margaret Meschia,2,,9,TRUE,309,212,234,9liu-invitational-24-25,234,liu-invitational-24-25,FALSE
women,saber,drew,njit,Sophie Gajowskyj,5,Anastasiia Volynska,1,,1,TRUE,302,214,235,9liu-invitational-24-25,235,liu-invitational-24-25,FALSE
women,saber,drew,njit,Jay Cusson,5,Zoey Wen,3,,2,TRUE,298,215,236,9liu-invitational-24-25,236,liu-invitational-24-25,FALSE
women,saber,drew,njit,Eva Esqueda,5,Randa Shalabi,0,,3,TRUE,300,213,237,9liu-invitational-24-25,237,liu-invitational-24-25,FALSE
women,saber,drew,njit,Jay Cusson,5,Anastasiia Volynska,3,,4,TRUE,298,214,238,9liu-invitational-24-25,238,liu-invitational-24-25,FALSE
women,saber,drew,njit,Sophie Gajowskyj,5,Kaydine Gonzalez,1,,5,TRUE,302,205,239,9liu-invitational-24-25,239,liu-invitational-24-25,FALSE
women,saber,drew,njit,Eva Esqueda,0,Zoey Wen,5,,6,TRUE,300,215,240,9liu-invitational-24-25,240,liu-invitational-24-25,FALSE
women,saber,drew,njit,Jay Cusson,5,Kaydine Gonzalez,2,,7,TRUE,298,205,241,9liu-invitational-24-25,241,liu-invitational-24-25,FALSE
women,saber,drew,njit,Eva Esqueda,5,Anastasiia Volynska,4,,8,TRUE,300,214,242,9liu-invitational-24-25,242,liu-invitational-24-25,FALSE
women,saber,drew,njit,Sophie Gajowskyj,4,Zoey Wen,5,,9,TRUE,302,215,243,9liu-invitational-24-25,243,liu-invitational-24-25,FALSE
women,foil,liu,stevens ,Anna Szántay,5,Elizabeth MacDonald,1,,1,TRUE,245,379,244,10liu-invitational-24-25,244,liu-invitational-24-25,FALSE
women,foil,liu,stevens ,Daniela Perez Leal,5,Julia DiPaolo,3,,2,TRUE,241,373,245,10liu-invitational-24-25,245,liu-invitational-24-25,FALSE
women,foil,liu,stevens ,Abigail Hunt,5,Sofia Savchuk,1,,3,TRUE,237,385,246,10liu-invitational-24-25,246,liu-invitational-24-25,FALSE
women,foil,liu,stevens ,Daniela Perez Leal,1,Elizabeth MacDonald,5,,4,TRUE,241,379,247,10liu-invitational-24-25,247,liu-invitational-24-25,FALSE
women,foil,liu,stevens ,Anna Szántay,5,Sofia Savchuk,0,,5,TRUE,245,385,248,10liu-invitational-24-25,248,liu-invitational-24-25,FALSE
women,foil,liu,stevens ,Abigail Hunt,5,Julia DiPaolo,1,,6,TRUE,237,373,249,10liu-invitational-24-25,249,liu-invitational-24-25,FALSE
women,foil,liu,stevens ,Daniela Perez Leal,5,Sofia Savchuk,2,,7,TRUE,241,385,250,10liu-invitational-24-25,250,liu-invitational-24-25,FALSE
women,foil,liu,stevens ,Abigail Hunt,5,Elizabeth MacDonald,1,,8,TRUE,237,379,251,10liu-invitational-24-25,251,liu-invitational-24-25,FALSE
women,foil,liu,stevens ,Anna Szántay,5,Julia DiPaolo,0,,9,TRUE,245,373,252,10liu-invitational-24-25,252,liu-invitational-24-25,FALSE
women,saber,liu,stevens ,Chejsa-Kaili Seck,5,Alyssa Ip,0,,1,TRUE,244,376,253,10liu-invitational-24-25,253,liu-invitational-24-25,FALSE
women,saber,liu,stevens ,Marisa Mohan,4,Alexandra Craine,5,,2,TRUE,238,368,254,10liu-invitational-24-25,254,liu-invitational-24-25,FALSE
women,saber,liu,stevens ,Kitty Feketics,1,Ashlyn Leung,5,,3,TRUE,234,378,255,10liu-invitational-24-25,255,liu-invitational-24-25,FALSE
women,saber,liu,stevens ,Marisa Mohan,0,Alyssa Ip,5,,4,TRUE,238,376,256,10liu-invitational-24-25,256,liu-invitational-24-25,FALSE
women,saber,liu,stevens ,Chejsa-Kaili Seck,5,Ashlyn Leung,1,,5,TRUE,244,378,257,10liu-invitational-24-25,257,liu-invitational-24-25,FALSE
women,saber,liu,stevens ,Kitty Feketics,0,Alexandra Craine,5,,6,TRUE,234,368,258,10liu-invitational-24-25,258,liu-invitational-24-25,FALSE
women,saber,liu,stevens ,Marisa Mohan,1,Ashlyn Leung,5,,7,TRUE,238,378,259,10liu-invitational-24-25,259,liu-invitational-24-25,FALSE
women,saber,liu,stevens ,Kitty Feketics,2,Alyssa Ip,5,,8,TRUE,234,376,260,10liu-invitational-24-25,260,liu-invitational-24-25,FALSE
women,saber,liu,stevens ,Chejsa-Kaili Seck,5,Alexandra Craine,3,,9,TRUE,244,368,261,10liu-invitational-24-25,261,liu-invitational-24-25,FALSE
women,epee,liu,stevens ,Costanza Greggi,5,Renny Victoria,1,,1,TRUE,236,388,262,10liu-invitational-24-25,262,liu-invitational-24-25,FALSE
women,epee,liu,stevens ,Sarah Ellis,2,Grace Hicks,5,,2,TRUE,232,375,263,10liu-invitational-24-25,263,liu-invitational-24-25,FALSE
women,epee,liu,stevens ,Francesca Perez,5,Emily Miller,1,,3,TRUE,240,380,264,10liu-invitational-24-25,264,liu-invitational-24-25,FALSE
women,epee,liu,stevens ,Sarah Ellis,5,Renny Victoria,1,,4,TRUE,232,388,265,10liu-invitational-24-25,265,liu-invitational-24-25,FALSE
women,epee,liu,stevens ,Costanza Greggi,5,Emily Miller,0,,5,TRUE,236,380,266,10liu-invitational-24-25,266,liu-invitational-24-25,FALSE
women,epee,liu,stevens ,Sherpa,4,Grace Hicks,5,,6,TRUE,389,375,267,10liu-invitational-24-25,267,liu-invitational-24-25,FALSE
women,epee,liu,stevens ,Sarah Ellis,5,Emily Miller,4,,7,TRUE,232,380,268,10liu-invitational-24-25,268,liu-invitational-24-25,FALSE
women,epee,liu,stevens ,Catherine Felix,5,Renny Victoria,4,,8,TRUE,235,388,269,10liu-invitational-24-25,269,liu-invitational-24-25,FALSE
women,epee,liu,stevens ,Angela Wandmacher,3,Grace Hicks,5,,9,TRUE,389,375,270,10liu-invitational-24-25,270,liu-invitational-24-25,FALSE